experiment_id,t_seconds,offered,served,ok,errors,latency_p50_s,latency_p90_s,latency_max_s
E7-run01,0,40,58,58,0,0.0909,0.1557,0.1868
E7-run01,1,40,37,37,0,0.0881,0.1001,0.1068
E7-run01,2,40,43,43,0,0.0865,0.1000,0.3284
E7-run01,3,40,40,40,0,0.0836,0.0950,0.1015
E7-run01,4,40,38,38,0,0.0846,0.0937,0.1097
E7-run01,5,40,42,42,0,0.0845,0.0918,0.1013
E7-run01,6,40,39,39,0,0.0836,0.0955,0.1063
E7-run01,7,40,41,41,0,0.0847,0.0960,0.1002
E7-run01,8,40,39,39,0,0.0855,0.0909,0.1012
E7-run01,9,40,40,40,0,0.0850,0.0920,0.1007
E7-run01,10,40,25,25,0,0.0854,0.0966,0.1017
E7-run01,11,40,0,0,0,0.0000,0.0000,0.0000
E7-run01,12,40,0,0,0,0.0000,0.0000,0.0000
E7-run01,13,40,1,1,0,0.1004,0.1004,0.1004
E7-run01,14,40,22,22,0,0.0870,0.0914,0.0946
E7-run01,15,40,62,40,22,0.0928,5.0000,5.0000
E7-run01,16,40,80,41,39,0.1070,5.0000,5.0000
E7-run01,17,40,79,41,38,0.1041,5.0000,5.0000
E7-run01,18,40,79,40,39,0.1044,5.0000,5.0000
E7-run01,19,40,56,40,16,0.0916,5.0000,5.0000
E7-run01,20,40,39,39,0,0.0865,0.1016,0.1047
E7-run01,21,40,41,41,0,0.0948,0.1053,0.1514
E7-run01,22,40,38,38,0,0.0987,0.1054,0.1201
E7-run01,23,40,39,39,0,0.2383,0.3053,0.3306
E7-run01,24,40,42,42,0,0.0959,0.1219,0.1551
E7-run01,25,40,41,41,0,0.0919,0.1046,0.1055
E7-run01,26,40,11,11,0,0.0921,0.1000,0.1051
E7-run01,27,40,24,24,0,0.0925,0.8898,0.8958
E7-run01,28,40,21,21,0,0.0904,0.1045,0.1065
E7-run01,29,40,21,21,0,0.0948,0.1042,0.1048
E7-run01,30,40,21,21,0,0.0907,0.1048,0.1389
E7-run01,31,40,20,20,0,0.0892,0.1001,0.1008
E7-run01,32,40,37,22,15,0.0957,5.0000,5.0000
E7-run01,33,40,39,22,17,0.0974,5.0000,5.0000
E7-run01,34,40,42,22,20,0.0984,5.0000,5.0000
E7-run01,35,40,55,36,19,0.0906,5.0000,5.0000
E7-run01,36,40,60,40,20,0.0938,5.0000,5.0000
E7-run01,37,40,59,40,19,0.0912,5.0000,5.0000
E7-run01,38,40,57,39,18,0.0920,5.0000,5.0000
E7-run01,39,40,58,40,18,0.0987,5.0000,5.0000
E7-run01,40,40,43,41,2,0.0877,0.1049,5.0000
E7-run01,41,40,39,39,0,0.0873,0.0941,0.1033
E7-run01,42,40,40,40,0,0.0870,0.1056,0.1098
E7-run01,43,40,40,40,0,0.0929,0.1052,0.3532
E7-run01,44,40,39,39,0,0.0878,0.1047,0.1055
E7-run01,45,40,20,20,0,0.0903,0.1014,0.1086
E7-run01,46,40,23,23,0,0.0873,0.0925,0.1010
E7-run01,47,40,22,22,0,0.0891,0.0994,0.1086
E7-run01,48,40,26,26,0,0.0847,0.0896,0.1028
E7-run01,49,40,30,27,3,0.0901,5.0000,5.0000
E7-run01,50,40,48,28,20,0.1005,5.0000,5.0000
E7-run01,51,40,46,28,18,0.0962,5.0000,5.0000
E7-run01,52,40,45,28,17,0.0924,5.0000,5.0000
E7-run01,53,40,39,27,12,0.0862,5.0000,5.0000
E7-run01,54,40,42,28,14,0.0892,5.0000,5.0000
E7-run01,55,40,51,39,12,0.0862,5.0000,5.0000
E7-run01,56,40,53,40,13,0.0884,5.0000,5.0000
E7-run01,57,40,52,40,12,0.0884,5.0000,5.0000
E7-run01,58,40,52,39,13,0.0885,5.0000,5.0000
E7-run01,59,40,18,14,4,0.0880,5.0000,5.0000
E7-run01,60,40,44,36,8,0.0881,5.0000,5.0000
E7-run01,61,40,40,40,0,0.0866,0.0971,0.1061
E7-run01,62,40,40,40,0,0.0869,0.0949,0.1003
E7-run01,63,40,33,33,0,0.0876,0.0991,0.1055
E7-run01,64,40,23,23,0,0.0877,0.0971,0.0989
E7-run01,65,40,25,25,0,0.0874,0.0929,0.1162
E7-run01,66,40,24,24,0,0.0909,0.1039,0.1301
E7-run01,67,40,28,28,0,0.0893,0.1041,0.1069
E7-run01,68,40,37,28,9,0.0889,5.0000,5.0000
E7-run01,69,40,44,28,16,0.0887,5.0000,5.0000
E7-run01,70,40,47,32,15,0.0883,5.0000,5.0000
E7-run01,71,40,46,30,16,0.0942,5.0000,5.0000
E7-run01,72,40,42,30,12,0.0938,5.0000,5.0000
E7-run01,73,40,44,31,13,0.0890,5.0000,5.0000
E7-run01,74,40,41,30,11,0.0877,5.0000,5.0000
E7-run01,75,40,41,33,8,0.0901,5.0000,5.0000
E7-run01,76,40,50,40,10,0.0886,5.0000,5.0000
E7-run01,77,40,51,41,10,0.0854,5.0000,5.0000
E7-run01,78,40,48,39,9,0.0855,5.0000,5.0000
E7-run01,79,40,49,40,9,0.0858,5.0000,5.0000
E7-run01,80,40,47,40,7,0.0878,5.0000,5.0000
E7-run01,81,40,35,35,0,0.0872,0.1163,0.1646
E7-run01,82,40,23,23,0,0.0921,0.1054,0.1199
E7-run01,83,40,18,18,0,0.3442,0.4346,0.4469
E7-run01,84,40,37,37,0,0.4816,0.6461,0.7469
E7-run01,85,40,29,29,0,0.0970,0.1140,0.1404
E7-run01,86,40,35,28,7,0.0911,5.0000,5.0000
E7-run01,87,40,42,28,14,0.0906,5.0000,5.0000
E7-run01,88,40,44,31,13,0.0902,5.0000,5.0000
E7-run01,89,40,46,32,14,0.0922,5.0000,5.0000
E7-run01,90,40,43,32,11,0.0895,5.0000,5.0000
E7-run01,91,40,44,32,12,0.0904,5.0000,5.0000
E7-run01,92,40,16,12,4,0.0906,5.0000,5.0000
E7-run01,93,40,36,27,9,0.0918,5.0000,5.0000
E7-run01,94,40,43,33,10,0.0906,5.0000,5.0000
E7-run01,95,40,40,33,7,0.0916,5.0000,5.0000
E7-run01,96,40,44,36,8,0.0985,5.0000,5.0000
E7-run01,97,40,47,40,7,0.0929,5.0000,5.0000
E7-run01,98,40,48,40,8,0.0878,5.0000,5.0000
E7-run01,99,40,48,40,8,0.0895,5.0000,5.0000
E7-run01,100,40,43,36,7,0.0879,5.0000,5.0000
E7-run01,101,40,29,26,3,0.0861,5.0000,5.0000
E7-run01,102,40,28,28,0,0.0857,0.0928,0.1000
E7-run01,103,40,29,29,0,0.0846,0.0890,0.0982
E7-run01,104,40,28,28,0,0.0859,0.1016,0.2016
E7-run01,105,40,34,29,5,0.0860,5.0000,5.0000
E7-run01,106,40,44,30,14,0.0867,5.0000,5.0000
E7-run01,107,40,42,30,12,0.0902,5.0000,5.0000
E7-run01,108,40,43,31,12,0.0889,5.0000,5.0000
E7-run01,109,40,43,32,11,0.0879,5.0000,5.0000
E7-run01,110,40,45,34,11,0.0903,5.0000,5.0000
E7-run01,111,40,43,33,10,0.0878,5.0000,5.0000
E7-run01,112,40,44,34,10,0.0858,5.0000,5.0000
E7-run01,113,40,43,34,9,0.0876,5.0000,5.0000
E7-run01,114,40,42,35,7,0.0884,5.0000,5.0000
E7-run01,115,40,40,33,7,0.0881,5.0000,5.0000
E7-run01,116,40,47,40,7,0.0872,5.0000,5.0000
E7-run01,117,40,44,40,4,0.0861,0.1069,5.0000
E7-run01,118,40,46,40,6,0.0855,5.0000,5.0000
E7-run01,119,40,35,29,6,0.0845,5.0000,5.0000
E7-run01,120,40,33,27,6,0.0876,5.0000,5.0000
E7-run01,121,41,34,33,1,0.0870,0.1041,5.0000
E7-run01,122,41,30,30,0,0.0852,0.1021,0.1039
E7-run01,123,42,31,31,0,0.0879,0.0967,0.1015
E7-run01,124,42,42,31,11,0.0896,5.0000,5.0000
E7-run01,125,43,18,13,5,0.0904,5.0000,5.0000
E7-run01,126,44,35,27,8,0.0888,5.0000,5.0000
E7-run01,127,44,43,33,10,0.0906,5.0000,5.0000
E7-run01,128,45,47,37,10,0.0910,5.0000,5.0000
E7-run01,129,46,48,39,9,0.0926,5.0000,5.0000
E7-run01,130,46,48,39,9,0.0889,5.0000,5.0000
E7-run01,131,47,48,39,9,0.0913,5.0000,5.0000
E7-run01,132,47,51,42,9,0.0877,5.0000,5.0000
E7-run01,133,48,49,41,8,0.0864,5.0000,5.0000
E7-run01,134,49,45,38,7,0.0850,5.0000,5.0000
E7-run01,135,49,53,47,6,0.0846,5.0000,5.0000
E7-run01,136,50,54,49,5,0.0854,0.0978,5.0000
E7-run01,137,51,42,37,5,0.0854,5.0000,5.0000
E7-run01,138,51,43,36,7,0.0839,5.0000,5.0000
E7-run01,139,52,51,42,9,0.0845,5.0000,5.0000
E7-run01,140,52,40,40,0,0.0838,0.0870,0.0947
E7-run01,141,53,39,39,0,0.0850,0.1237,0.1619
E7-run01,142,54,58,45,13,0.0910,5.0000,5.0000
E7-run01,143,54,54,42,12,0.1323,5.0000,5.0000
E7-run01,144,55,55,45,10,0.1160,5.0000,5.0000
E7-run01,145,55,57,46,11,0.0964,5.0000,5.0000
E7-run01,146,56,61,50,11,0.0900,5.0000,5.0000
E7-run01,147,57,58,50,8,0.0876,5.0000,5.0000
E7-run01,148,57,58,49,9,0.0851,5.0000,5.0000
E7-run01,149,58,57,48,9,0.0870,5.0000,5.0000
E7-run01,150,59,60,52,8,0.0861,5.0000,5.0000
E7-run01,151,59,64,57,7,0.0855,5.0000,5.0000
E7-run01,152,60,49,44,5,0.0862,5.0000,5.0000
E7-run01,153,60,54,47,7,0.0854,5.0000,5.0000
E7-run01,154,61,58,49,9,0.0862,5.0000,5.0000
E7-run01,155,62,54,49,5,0.0865,0.1048,5.0000
E7-run01,156,62,53,51,2,0.0859,0.0941,5.0000
E7-run01,157,63,67,53,14,0.0856,5.0000,5.0000
E7-run01,158,64,30,24,6,0.0880,5.0000,5.0000
E7-run01,159,64,46,38,8,0.0890,5.0000,5.0000
E7-run01,160,65,65,54,11,0.0884,5.0000,5.0000
E7-run01,161,65,69,58,11,0.0879,5.0000,5.0000
E7-run01,162,66,66,56,10,0.0897,5.0000,5.0000
E7-run01,163,67,65,56,9,0.0855,5.0000,5.0000
E7-run01,164,67,65,55,10,0.0861,5.0000,5.0000
E7-run01,165,68,75,66,9,0.0854,5.0000,5.0000
E7-run01,166,68,61,55,6,0.0857,0.0953,5.0000
E7-run01,167,69,62,55,7,0.0831,5.0000,5.0000
E7-run01,168,70,64,55,9,0.0847,5.0000,5.0000
E7-run01,169,70,68,58,10,0.0836,5.0000,5.0000
E7-run01,170,71,59,59,0,0.0853,0.0915,0.0967
E7-run01,171,72,73,60,13,0.0844,5.0000,5.0000
E7-run01,172,72,72,59,13,0.0846,5.0000,5.0000
E7-run01,173,73,74,62,12,0.0847,5.0000,5.0000
E7-run01,174,73,76,65,11,0.0867,5.0000,5.0000
E7-run01,175,74,74,64,10,0.0860,5.0000,5.0000
E7-run01,176,75,72,62,10,0.0849,5.0000,5.0000
E7-run01,177,75,77,66,11,0.0854,5.0000,5.0000
E7-run01,178,76,77,68,9,0.0852,5.0000,5.0000
E7-run01,179,77,67,61,6,0.0848,0.0931,5.0000
E7-run01,180,77,71,63,8,0.0847,5.0000,5.0000
E7-run01,181,78,77,66,11,0.0849,5.0000,5.0000
E7-run01,182,78,73,66,7,0.0849,0.0954,5.0000
E7-run01,183,79,74,67,7,0.0853,0.1079,5.0000
E7-run01,184,80,80,66,14,0.0853,5.0000,5.0000
E7-run01,185,80,82,70,12,0.0847,5.0000,5.0000
E7-run01,186,81,80,70,10,0.0856,5.0000,5.0000
E7-run01,187,81,82,71,11,0.0865,5.0000,5.0000
E7-run01,188,82,78,69,9,0.0857,5.0000,5.0000
E7-run01,189,83,86,74,12,0.0858,5.0000,5.0000
E7-run01,190,83,80,71,9,0.0851,5.0000,5.0000
E7-run01,191,84,41,36,5,0.0881,5.0000,5.0000
E7-run01,192,85,54,49,5,0.0877,0.8649,5.0000
E7-run01,193,85,81,71,10,0.0870,5.0000,5.0000
E7-run01,194,86,84,73,11,0.0878,5.0000,5.0000
E7-run01,195,86,77,73,4,0.0870,0.0942,5.0000
E7-run01,196,87,87,74,13,0.0864,5.0000,5.0000
E7-run01,197,88,89,75,14,0.0846,5.0000,5.0000
E7-run01,198,88,88,77,11,0.0849,5.0000,5.0000
E7-run01,199,89,87,78,9,0.0844,5.0000,5.0000
E7-run01,200,90,88,76,12,0.0836,5.0000,5.0000
E7-run01,201,90,88,77,11,0.0837,5.0000,5.0000
E7-run01,202,91,90,80,10,0.0842,5.0000,5.0000
E7-run01,203,91,57,47,10,0.4023,5.0000,5.0000
E7-run01,204,92,111,102,9,0.3438,0.4719,5.0000
E7-run01,205,93,96,84,12,0.0998,5.0000,5.0000
E7-run01,206,93,87,80,7,0.0923,0.1056,5.0000
E7-run01,207,94,91,80,11,0.0873,5.0000,5.0000
E7-run01,208,94,96,82,14,0.0841,5.0000,5.0000
E7-run01,209,95,92,80,12,0.0834,5.0000,5.0000
E7-run01,210,96,94,85,9,0.0829,0.0898,5.0000
E7-run01,211,96,95,83,12,0.0829,5.0000,5.0000
E7-run01,212,97,100,88,12,0.0841,5.0000,5.0000
E7-run01,213,98,91,81,10,0.0840,5.0000,5.0000
E7-run01,214,98,94,82,12,0.0852,5.0000,5.0000
E7-run01,215,99,95,86,9,0.0845,0.0883,5.0000
E7-run01,216,99,98,86,12,0.0857,5.0000,5.0000
E7-run01,217,100,92,86,6,0.0851,0.0868,5.0000
E7-run01,218,101,101,87,14,0.0849,5.0000,5.0000
E7-run01,219,101,99,85,14,0.0848,5.0000,5.0000
E7-run01,220,102,101,90,11,0.0844,5.0000,5.0000
E7-run01,221,103,100,89,11,0.0849,5.0000,5.0000
E7-run01,222,103,102,91,11,0.0844,5.0000,5.0000
E7-run01,223,104,103,91,12,0.0857,5.0000,5.0000
E7-run01,224,104,54,48,6,0.0881,5.0000,5.0000
E7-run01,225,105,66,56,10,0.0884,5.0000,5.0000
E7-run01,226,106,99,91,8,0.0877,0.0923,5.0000
E7-run01,227,106,104,92,12,0.0874,5.0000,5.0000
E7-run01,228,107,99,91,8,0.0866,0.0953,5.0000
E7-run01,229,107,108,95,13,0.0854,5.0000,5.0000
E7-run01,230,108,106,91,15,0.0859,5.0000,5.0000
E7-run01,231,109,106,95,11,0.0850,5.0000,5.0000
E7-run01,232,109,107,96,11,0.0851,5.0000,5.0000
E7-run01,233,110,110,98,12,0.0832,5.0000,5.0000
E7-run01,234,111,106,94,12,0.0832,5.0000,5.0000
E7-run01,235,111,109,95,14,0.0829,5.0000,5.0000
E7-run01,236,112,106,96,10,0.0832,0.0877,5.0000
E7-run01,237,112,110,99,11,0.0834,5.0000,5.0000
E7-run01,238,113,107,98,9,0.0830,0.0867,5.0000
E7-run01,239,114,113,99,14,0.0839,5.0000,5.0000
E7-run01,240,114,111,97,14,0.0846,5.0000,5.0000
E7-run01,241,115,114,102,12,0.0840,5.0000,5.0000
E7-run01,242,116,111,100,11,0.0841,0.0932,5.0000
E7-run01,243,116,116,104,12,0.0847,5.0000,5.0000
E7-run01,244,117,112,100,12,0.0889,5.0000,5.0000
E7-run01,245,117,114,99,15,0.0850,5.0000,5.0000
E7-run01,246,118,115,105,10,0.0849,0.0984,5.0000
E7-run01,247,119,115,103,12,0.0846,5.0000,5.0000
E7-run01,248,119,115,106,9,0.0845,0.0910,5.0000
E7-run01,249,120,118,103,15,0.0854,5.0000,5.0000
E7-run01,250,120,118,103,15,0.0848,5.0000,5.0000
E7-run01,251,121,120,109,11,0.0846,0.0898,5.0000
E7-run01,252,122,117,105,12,0.0846,5.0000,5.0000
E7-run01,253,122,121,109,12,0.0845,0.0901,5.0000
E7-run01,254,123,118,105,13,0.0848,5.0000,5.0000
E7-run01,255,124,122,108,14,0.0843,5.0000,5.0000
E7-run01,256,124,120,110,10,0.0857,0.0894,5.0000
E7-run01,257,125,75,66,9,0.0865,5.0000,5.0000
E7-run01,258,125,68,64,4,0.0865,0.9002,5.0000
E7-run01,259,126,123,109,14,0.0866,5.0000,5.0000
E7-run01,260,127,124,109,15,0.0875,5.0000,5.0000
E7-run01,261,127,125,113,12,0.0872,0.0980,5.0000
E7-run01,262,128,119,107,12,0.1131,5.0000,5.0000
E7-run01,263,129,109,97,12,0.1884,5.0000,5.0000
E7-run01,264,129,67,53,14,0.5807,5.0000,5.0000
E7-run01,265,130,74,60,14,1.1603,5.0000,5.0000
E7-run01,266,130,126,115,11,1.3546,1.4624,5.0000
E7-run01,267,131,214,200,14,0.8993,1.2069,5.0000
E7-run01,268,132,158,148,10,0.2000,0.4650,5.0000
E7-run01,269,132,132,116,16,0.0840,5.0000,5.0000
E7-run01,270,133,135,122,13,0.0863,0.3206,5.0000
E7-run01,271,133,135,123,12,0.0838,0.1017,5.0000
E7-run01,272,134,135,121,14,0.0878,5.0000,5.0000
E7-run01,273,135,142,115,27,0.0849,5.0000,5.0000
E7-run01,274,135,130,119,11,0.0834,0.1050,5.0000
E7-run01,275,136,130,121,9,0.0828,0.0891,5.0000
E7-run01,276,137,125,119,6,0.0834,0.0888,5.0000
E7-run01,277,137,120,108,12,0.0828,5.0000,5.0000
E7-run01,278,138,139,123,16,0.0848,5.0000,5.0000
E7-run01,279,138,137,126,11,0.0837,0.0904,5.0000
E7-run01,280,139,141,129,12,0.0848,0.0948,5.0000
E7-run01,281,140,138,123,15,0.0845,5.0000,5.0000
E7-run01,282,140,146,121,25,0.0846,5.0000,5.0000
E7-run01,283,141,138,126,12,0.0847,0.0961,5.0000
E7-run01,284,142,136,127,9,0.0841,0.0881,5.0000
E7-run01,285,142,128,122,6,0.0842,0.0901,5.0000
E7-run01,286,143,131,116,15,0.0851,5.0000,5.0000
E7-run01,287,143,144,129,15,0.0842,5.0000,5.0000
E7-run01,288,144,145,132,13,0.0844,0.0929,5.0000
E7-run01,289,145,144,133,11,0.0865,0.0936,5.0000
E7-run01,290,145,94,84,10,0.0887,5.0000,5.0000
E7-run01,291,146,74,63,11,0.0888,5.0000,5.0000
E7-run01,292,146,152,130,22,0.0880,5.0000,5.0000
E7-run01,293,147,141,132,9,0.0880,0.0948,5.0000
E7-run01,294,148,139,129,10,0.0876,0.1033,5.0000
E7-run01,295,148,135,125,10,0.0867,0.1011,5.0000
E7-run01,296,149,143,128,15,0.0860,5.0000,5.0000
E7-run01,297,150,148,135,13,0.0857,0.0935,5.0000
E7-run01,298,150,151,139,12,0.0854,0.1005,5.0000
E7-run01,299,151,144,131,13,0.0852,0.0946,5.0000
E7-run01,300,151,155,133,22,0.0841,5.0000,5.0000
E7-run01,301,152,154,138,16,0.0834,5.0000,5.0000
E7-run01,302,153,147,137,10,0.0824,0.0861,5.0000
E7-run01,303,153,139,131,8,0.0834,0.0875,5.0000
E7-run01,304,154,146,130,16,0.0832,5.0000,5.0000
E7-run01,305,155,152,138,14,0.0837,0.0920,5.0000
E7-run01,306,155,154,142,12,0.0841,0.0989,5.0000
E7-run01,307,156,151,140,11,0.0834,0.0899,5.0000
E7-run01,308,156,155,137,18,0.0834,5.0000,5.0000
E7-run01,309,157,161,140,21,0.0849,5.0000,5.0000
E7-run01,310,158,153,141,12,0.0833,0.0896,5.0000
E7-run01,311,158,152,142,10,0.0843,0.0912,5.0000
E7-run01,312,159,145,133,12,0.0835,0.0896,5.0000
E7-run01,313,159,156,140,16,0.0833,5.0000,5.0000
E7-run01,314,160,157,145,12,0.0845,0.0931,5.0000
E7-run01,315,161,160,149,11,0.0852,0.0928,5.0000
E7-run01,316,161,153,137,16,0.0861,5.0000,5.0000
E7-run01,317,162,168,148,20,0.0851,5.0000,5.0000
E7-run01,318,163,161,146,15,0.0848,0.0949,5.0000
E7-run01,319,163,156,146,10,0.0847,0.0918,5.0000
E7-run01,320,164,152,142,10,0.0841,0.0865,5.0000
E7-run01,321,164,161,142,19,0.1268,5.0000,5.0000
E7-run01,322,165,109,97,12,0.1080,5.0000,5.0000
E7-run01,323,166,42,33,9,0.8819,5.0000,5.0000
E7-run01,324,166,69,64,5,1.8449,1.8772,5.0000
E7-run01,325,167,157,142,15,1.7883,1.9187,5.0000
E7-run01,326,168,227,207,20,0.8477,1.0659,5.0000
E7-run01,327,168,228,213,15,0.3817,0.6203,5.0000
E7-run01,328,169,167,157,10,0.0882,0.1323,5.0000
E7-run01,329,169,164,153,11,0.0846,0.0910,5.0000
E7-run01,330,170,171,152,19,0.0869,5.0000,5.0000
E7-run01,331,171,183,160,23,0.0847,5.0000,5.0000
E7-run01,332,171,168,154,14,0.0855,0.1232,5.0000
E7-run01,333,172,165,151,14,0.0831,0.0928,5.0000
E7-run01,334,172,163,148,15,0.0854,0.1111,5.0000
E7-run01,335,173,163,153,10,0.0843,0.0969,5.0000
E7-run01,336,174,164,154,10,0.0850,0.1002,5.0000
E7-run01,337,174,167,156,11,0.0834,0.0873,5.0000
E7-run01,338,175,177,159,18,0.0856,5.0000,5.0000
E7-run01,339,176,182,161,21,0.0854,5.0000,5.0000
E7-run01,340,176,176,161,15,0.0843,0.0923,5.0000
E7-run01,341,177,168,153,15,0.0838,0.1003,5.0000
E7-run01,342,177,170,155,15,0.0838,0.0911,5.0000
E7-run01,343,178,170,159,11,0.0827,0.0856,5.0000
E7-run01,344,179,168,158,10,0.0831,0.0858,5.0000
E7-run01,345,179,171,159,12,0.0844,0.0912,5.0000
E7-run01,346,180,182,164,18,0.0844,0.1018,5.0000
E7-run01,347,181,186,166,20,0.0851,5.0000,5.0000
E7-run01,348,181,179,164,15,0.0850,0.0922,5.0000
E7-run01,349,182,176,161,15,0.0846,0.0979,5.0000
E7-run01,350,182,174,158,16,0.0850,0.0947,5.0000
E7-run01,351,183,174,164,10,0.0846,0.0896,5.0000
E7-run01,352,184,176,164,12,0.0843,0.0891,5.0000
E7-run01,353,184,176,163,13,0.0847,0.0938,5.0000
E7-run01,354,185,186,170,16,0.0853,0.0924,5.0000
E7-run01,355,185,191,170,21,0.0841,5.0000,5.0000
E7-run01,356,186,142,131,11,0.0872,0.0996,5.0000
E7-run01,357,187,55,51,4,0.0911,1.0178,5.0000
E7-run01,358,187,187,171,16,0.0850,0.0974,5.0000
E7-run01,359,188,179,164,15,0.0849,0.0924,5.0000
E7-run01,360,189,179,168,11,0.0844,0.0890,5.0000
E7-run01,361,189,182,170,12,0.0848,0.0976,5.0000
E7-run01,362,190,186,169,17,0.0843,0.0917,5.0000
E7-run01,363,190,187,174,13,0.0851,0.0934,5.0000
E7-run01,364,191,192,173,19,0.0848,0.0915,5.0000
E7-run01,365,192,186,170,16,0.0849,0.0999,5.0000
E7-run01,366,192,188,174,14,0.0842,0.1056,5.0000
E7-run01,367,193,188,172,16,0.0844,0.0959,5.0000
E7-run01,368,194,182,171,11,0.0839,0.0888,5.0000
E7-run01,369,194,186,174,12,0.0850,0.0898,5.0000
E7-run01,370,195,192,174,18,0.0845,0.0933,5.0000
E7-run01,371,195,194,180,14,0.0847,0.1129,5.0000
E7-run01,372,196,193,177,16,0.0844,0.0927,5.0000
E7-run01,373,197,193,175,18,0.0840,0.0895,5.0000
E7-run01,374,197,191,176,15,0.0837,0.0901,5.0000
E7-run01,375,198,191,177,14,0.0845,0.0880,5.0000
E7-run01,376,198,190,178,12,0.0838,0.0873,5.0000
E7-run01,377,199,192,177,15,0.0843,0.0927,5.0000
E7-run01,378,200,198,183,15,0.0848,0.0969,5.0000
E7-run01,379,200,200,182,18,0.0888,0.1249,5.0000
E7-run01,380,201,196,180,16,0.0843,0.0917,5.0000
E7-run01,381,202,179,164,15,0.1512,0.2245,5.0000
E7-run01,382,202,171,154,17,0.1489,0.3009,5.0000
E7-run01,383,203,77,66,11,0.7221,5.0000,5.0000
E7-run01,384,203,200,186,14,1.0177,1.0757,5.0000
E7-run01,385,204,232,215,17,0.8627,0.9346,5.0000
E7-run01,386,205,228,215,13,0.6305,0.7478,5.0000
E7-run01,387,205,235,217,18,0.4786,0.5397,5.0000
E7-run01,388,206,231,215,16,0.3198,0.3826,5.0000
E7-run01,389,207,220,205,15,0.1845,0.2453,5.0000
E7-run01,390,207,48,44,4,0.0879,0.9339,5.0000
E7-run01,391,208,214,190,24,0.0863,5.0000,5.0000
E7-run01,392,208,201,189,12,0.0859,0.0938,5.0000
E7-run01,393,209,197,182,15,0.0846,0.0902,5.0000
E7-run01,394,210,201,189,12,0.0858,0.0914,5.0000
E7-run01,395,210,206,191,15,0.0867,0.0982,5.0000
E7-run01,396,211,205,190,15,0.0872,0.0994,5.0000
E7-run01,397,211,207,193,14,0.0874,0.1041,5.0000
E7-run01,398,212,214,191,23,0.0859,5.0000,5.0000
E7-run01,399,213,207,194,13,0.0856,0.0888,5.0000
E7-run01,400,213,208,193,15,0.0871,0.0997,5.0000
E7-run01,401,214,199,186,13,0.0855,0.0934,5.0000
E7-run01,402,215,212,197,15,0.0874,0.1026,5.0000
E7-run01,403,215,208,194,14,0.0868,0.1038,5.0000
E7-run01,404,216,214,198,16,0.0890,0.1067,5.0000
E7-run01,405,216,209,195,14,0.0862,0.0970,5.0000
E7-run01,406,217,217,195,22,0.0895,5.0000,5.0000
E7-run01,407,218,211,199,12,0.0878,0.1001,5.0000
E7-run01,408,218,208,192,16,0.0882,0.1107,5.0000
E7-run01,409,219,213,200,13,0.0878,0.0993,5.0000
E7-run01,410,220,213,198,15,0.0904,0.1140,5.0000
E7-run01,411,220,217,202,15,0.0874,0.0985,5.0000
E7-run01,412,221,213,199,14,0.0879,0.1008,5.0000
E7-run01,413,221,225,202,23,0.0866,5.0000,5.0000
E7-run01,414,222,207,193,14,0.1321,0.1570,5.0000
E7-run01,415,223,221,206,15,0.1087,0.1319,5.0000
E7-run01,416,223,214,201,13,0.0870,0.0958,5.0000
E7-run01,417,224,219,203,16,0.0883,0.1087,5.0000
E7-run01,418,224,215,200,15,0.1003,0.1103,5.0000
E7-run01,419,225,218,204,14,0.1154,0.1234,5.0000
E7-run01,420,226,220,201,19,0.1259,0.1404,5.0000
E7-run01,421,226,221,203,18,0.1405,0.1532,5.0000
E7-run01,422,227,216,203,13,0.1616,0.1735,5.0000
E7-run01,423,228,44,40,4,0.9720,0.9832,5.0000
E7-run01,424,228,217,203,14,0.1571,0.1698,5.0000
E7-run01,425,229,218,202,16,0.1800,0.1971,5.0000
E7-run01,426,229,217,203,14,0.2028,0.2152,5.0000
E7-run01,427,230,216,201,15,0.2427,0.2596,5.0000
E7-run01,428,231,221,202,19,0.2719,0.2943,5.0000
E7-run01,429,231,222,203,19,0.3093,0.3231,5.0000
E7-run01,430,232,215,202,13,0.3453,0.3652,5.0000
E7-run01,431,233,219,203,16,0.3626,0.3717,5.0000
E7-run01,432,233,216,201,15,0.3925,0.4174,5.0000
E7-run01,433,234,219,203,16,0.4395,0.4554,5.0000
E7-run01,434,234,219,203,16,0.4841,0.5105,5.0000
E7-run01,435,235,220,202,18,0.5322,0.5579,5.0000
E7-run01,436,236,221,202,19,0.5802,0.6026,5.0000
E7-run01,437,236,217,202,15,0.6303,0.6611,5.0000
E7-run01,438,237,219,203,16,0.6688,0.6828,5.0000
E7-run01,439,237,220,203,17,0.7161,0.7459,5.0000
E7-run01,440,238,217,201,16,0.7712,0.7971,5.0000
E7-run01,441,239,218,202,16,0.8337,0.8633,5.0000
E7-run01,442,239,223,202,21,0.8999,1.1058,5.0000
E7-run01,443,240,221,203,18,0.9645,0.9961,5.0000
E7-run01,444,241,217,200,17,1.0386,1.0648,5.0000
E7-run01,445,241,203,187,16,1.0927,1.1742,5.0000
E7-run01,446,242,213,196,17,1.2301,1.2847,5.0000
E7-run01,447,242,235,216,19,1.2815,1.2938,5.0000
E7-run01,448,243,233,215,18,1.2871,1.2985,5.0000
E7-run01,449,244,238,216,22,1.2965,1.3076,5.0000
E7-run01,450,244,234,216,18,1.3139,1.3251,5.0000
E7-run01,451,245,235,216,19,1.3161,1.3289,5.0000
E7-run01,452,246,235,216,19,1.3298,1.3446,5.0000
E7-run01,453,246,235,216,19,1.3488,1.3654,5.0000
E7-run01,454,247,235,216,19,1.3711,1.3823,5.0000
E7-run01,455,247,236,215,21,1.3952,1.4108,5.0000
E7-run01,456,248,41,38,3,2.2306,2.2388,5.0000
E7-run01,457,249,234,215,19,2.2542,2.2661,5.0000
E7-run01,458,249,236,216,20,1.4519,2.2678,5.0000
E7-run01,459,250,235,216,19,1.4783,1.4953,5.0000
E7-run01,460,250,235,217,18,1.5127,1.5309,5.0000
E7-run01,461,251,239,215,24,1.5418,5.0000,5.0000
E7-run01,462,252,233,215,18,1.5810,1.5993,5.0000
E7-run01,463,252,237,217,20,1.6213,1.6338,5.0000
E7-run01,464,253,238,217,21,1.6444,1.6655,5.0000
E7-run01,465,254,233,214,19,1.6910,1.7111,5.0000
E7-run01,466,254,237,217,20,1.7374,1.7564,5.0000
E7-run01,467,255,238,215,23,1.7820,1.8113,5.0000
E7-run01,468,255,236,216,20,1.8283,1.8567,5.0000
E7-run01,469,256,237,216,21,1.8752,1.8944,5.0000
E7-run01,470,257,239,218,21,1.9191,1.9560,5.0000
E7-run01,471,257,234,214,20,1.9733,1.9994,5.0000
E7-run01,472,258,241,216,25,2.0253,5.0000,5.0000
E7-run01,473,259,236,216,20,2.0803,2.1050,5.0000
E7-run01,474,259,239,217,22,2.1401,2.1644,5.0000
E7-run01,475,260,238,215,23,2.1840,2.2253,5.0000
E7-run01,476,260,238,216,22,2.2377,2.2500,5.0000
E7-run01,477,261,239,215,24,2.2438,5.0000,5.0000
E7-run01,478,262,240,217,23,2.2461,2.2608,5.0000
E7-run01,479,262,243,216,27,2.2454,5.0000,5.0000
E7-run01,480,263,248,217,31,2.2437,5.0000,5.0000
E7-run01,481,263,245,215,30,2.2376,5.0000,5.0000
E7-run01,482,264,247,216,31,2.2377,5.0000,5.0000
E7-run01,483,265,247,216,31,2.2397,5.0000,5.0000
E7-run01,484,265,251,216,35,2.2444,5.0000,5.0000
E7-run01,485,266,251,216,35,2.2446,5.0000,5.0000
E7-run01,486,267,249,214,35,2.2448,5.0000,5.0000
E7-run01,487,267,253,217,36,2.2430,5.0000,5.0000
E7-run01,488,268,254,216,38,2.2427,5.0000,5.0000
E7-run01,489,268,44,37,7,2.2398,5.0000,5.0000
E7-run01,490,269,256,218,38,3.0675,5.0000,5.0000
E7-run01,491,270,255,215,40,3.0672,5.0000,5.0000
E7-run01,492,270,254,215,39,2.2436,5.0000,5.0000
E7-run01,493,271,299,257,42,2.2412,5.0000,5.0000
E7-run01,494,272,374,333,41,2.2357,5.0000,5.0000
E7-run01,495,272,376,333,43,2.2177,5.0000,5.0000
E7-run01,496,273,379,336,43,1.5179,5.0000,5.0000
E7-run01,497,273,377,334,43,0.6811,5.0000,5.0000
E7-run01,498,274,314,274,40,0.0875,5.0000,5.0000
E7-run01,499,275,266,237,29,0.0855,5.0000,5.0000
E7-run01,500,275,262,233,29,0.0856,5.0000,5.0000
E7-run01,501,276,272,241,31,0.0864,5.0000,5.0000
E7-run01,502,276,266,235,31,0.0853,5.0000,5.0000
E7-run01,503,277,235,205,30,0.1384,5.0000,5.0000
E7-run01,504,278,279,248,31,0.3831,5.0000,5.0000
E7-run01,505,278,302,268,34,0.0890,5.0000,5.0000
E7-run01,506,279,270,241,29,0.0882,5.0000,5.0000
E7-run01,507,280,273,243,30,0.0850,5.0000,5.0000
E7-run01,508,280,273,243,30,0.0858,5.0000,5.0000
E7-run01,509,281,276,244,32,0.0851,5.0000,5.0000
E7-run01,510,281,278,243,35,0.0848,5.0000,5.0000
E7-run01,511,282,273,245,28,0.0856,5.0000,5.0000
E7-run01,512,283,273,241,32,0.0857,5.0000,5.0000
E7-run01,513,283,275,246,29,0.0847,5.0000,5.0000
E7-run01,514,284,277,246,31,0.0851,5.0000,5.0000
E7-run01,515,285,277,248,29,0.0851,5.0000,5.0000
E7-run01,516,285,281,248,33,0.0846,5.0000,5.0000
E7-run01,517,286,284,250,34,0.0847,5.0000,5.0000
E7-run01,518,286,276,247,29,0.0845,5.0000,5.0000
E7-run01,519,287,277,245,32,0.0853,5.0000,5.0000
E7-run01,520,288,281,252,29,0.0853,5.0000,5.0000
E7-run01,521,288,281,249,32,0.0850,5.0000,5.0000
E7-run01,522,289,62,56,6,0.0852,0.0891,5.0000
E7-run01,523,289,269,240,29,0.0852,5.0000,5.0000
E7-run01,524,290,285,252,33,0.0854,5.0000,5.0000
E7-run01,525,291,287,253,34,0.0853,5.0000,5.0000
E7-run01,526,291,277,249,28,0.0855,5.0000,5.0000
E7-run01,527,292,287,254,33,0.0851,5.0000,5.0000
E7-run01,528,293,284,255,29,0.0851,5.0000,5.0000
E7-run01,529,293,283,251,32,0.0849,5.0000,5.0000
E7-run01,530,294,288,259,29,0.0869,5.0000,5.0000
E7-run01,531,294,291,257,34,0.0859,5.0000,5.0000
E7-run01,532,295,288,256,32,0.0852,5.0000,5.0000
E7-run01,533,296,286,256,30,0.0847,5.0000,5.0000
E7-run01,534,296,289,257,32,0.0857,5.0000,5.0000
E7-run01,535,297,286,256,30,0.0853,5.0000,5.0000
E7-run01,536,298,292,260,32,0.0857,5.0000,5.0000
E7-run01,537,298,289,259,30,0.0855,5.0000,5.0000
E7-run01,538,299,295,262,33,0.0848,5.0000,5.0000
E7-run01,539,299,293,261,32,0.0853,5.0000,5.0000
E7-run01,540,300,289,258,31,0.0855,5.0000,5.0000
E7-run01,541,300,295,265,30,0.0857,5.0000,5.0000
E7-run01,542,300,291,259,32,0.0848,5.0000,5.0000
E7-run01,543,300,296,265,31,0.0851,5.0000,5.0000
E7-run01,544,300,293,262,31,0.0850,5.0000,5.0000
E7-run01,545,300,300,267,33,0.0849,5.0000,5.0000
E7-run01,546,300,295,264,31,0.0848,5.0000,5.0000
E7-run01,547,300,297,264,33,0.0848,5.0000,5.0000
E7-run01,548,300,297,268,29,0.0849,0.1043,5.0000
E7-run01,549,300,297,265,32,0.0850,5.0000,5.0000
E7-run01,550,300,299,269,30,0.0844,5.0000,5.0000
E7-run01,551,300,299,266,33,0.0843,5.0000,5.0000
E7-run01,552,300,301,269,32,0.0841,5.0000,5.0000
E7-run01,553,300,299,268,31,0.0843,5.0000,5.0000
E7-run01,554,300,301,267,34,0.0840,5.0000,5.0000
E7-run01,555,300,90,81,9,0.0846,5.0000,5.0000
E7-run01,556,300,261,235,26,0.0842,0.9127,5.0000
E7-run01,557,300,299,267,32,0.0846,5.0000,5.0000
E7-run01,558,300,299,269,30,0.0841,5.0000,5.0000
E7-run01,559,300,302,268,34,0.0842,5.0000,5.0000
E7-run01,560,300,301,269,32,0.0841,5.0000,5.0000
E7-run01,561,300,276,245,31,0.0844,5.0000,5.0000
E7-run01,562,300,321,289,32,0.0929,0.2468,5.0000
E7-run01,563,300,185,153,32,0.2370,5.0000,5.0000
E7-run01,564,300,269,238,31,0.6999,5.0000,5.0000
E7-run01,565,300,372,341,31,0.4789,1.1636,5.0000
E7-run01,566,300,365,333,32,0.0959,0.7431,5.0000
E7-run01,567,300,306,275,31,0.0869,5.0000,5.0000
E7-run01,568,300,306,272,34,0.0864,5.0000,5.0000
E7-run01,569,300,303,271,32,0.0856,5.0000,5.0000
E7-run01,570,300,313,265,48,0.0865,5.0000,5.0000
E7-run01,571,300,288,265,23,0.0847,0.0915,5.0000
E7-run01,572,300,284,259,25,0.0849,0.0936,5.0000
E7-run01,573,300,304,274,30,0.0847,0.0969,5.0000
E7-run01,574,300,305,275,30,0.0843,0.0944,5.0000
E7-run01,575,300,302,269,33,0.0850,5.0000,5.0000
E7-run01,576,300,309,270,39,0.0848,5.0000,5.0000
E7-run01,577,300,306,268,38,0.0843,5.0000,5.0000
E7-run01,578,300,284,258,26,0.0843,0.0897,5.0000
E7-run01,579,300,292,267,25,0.0848,0.0953,5.0000
E7-run01,580,300,302,271,31,0.0846,5.0000,5.0000
E7-run01,581,300,306,275,31,0.0845,5.0000,5.0000
E7-run01,582,300,302,270,32,0.0847,5.0000,5.0000
E7-run01,583,300,309,267,42,0.0844,5.0000,5.0000
E7-run01,584,300,300,270,30,0.0841,5.0000,5.0000
E7-run01,585,300,290,260,30,0.0843,5.0000,5.0000
E7-run01,586,300,296,270,26,0.0847,0.0977,5.0000
E7-run01,587,300,298,268,30,0.0846,5.0000,5.0000
E7-run01,588,300,116,105,11,0.0839,0.0910,5.0000
E7-run01,589,300,241,214,27,0.0847,5.0000,5.0000
E7-run01,590,300,302,271,31,0.0842,5.0000,5.0000
E7-run01,591,300,310,267,43,0.0847,5.0000,5.0000
E7-run01,592,300,295,268,27,0.0845,0.0955,5.0000
E7-run01,593,300,287,258,29,0.0842,5.0000,5.0000
E7-run01,594,300,301,272,29,0.0844,0.0965,5.0000
E7-run01,595,300,304,274,30,0.0852,0.0993,5.0000
E7-run01,596,300,299,267,32,0.0848,5.0000,5.0000
E7-run01,597,300,307,272,35,0.0854,5.0000,5.0000
E7-run01,598,300,307,269,38,0.0844,5.0000,5.0000
E7-run01,599,300,292,262,30,0.0848,5.0000,5.0000
E7-run01,600,300,292,266,26,0.0848,0.0928,5.0000
E7-run01,601,300,299,268,31,0.0842,5.0000,5.0000
E7-run01,602,300,304,274,30,0.0844,0.3264,5.0000
E7-run01,603,300,301,270,31,0.0843,5.0000,5.0000
E7-run01,604,300,307,268,39,0.0845,5.0000,5.0000
E7-run01,605,300,301,270,31,0.0843,5.0000,5.0000
E7-run01,606,300,294,262,32,0.0843,5.0000,5.0000
E7-run01,607,300,297,269,28,0.0844,0.0972,5.0000
E7-run01,608,300,296,266,30,0.0840,5.0000,5.0000
E7-run01,609,300,305,274,31,0.0844,5.0000,5.0000
E7-run01,610,300,302,271,31,0.0841,5.0000,5.0000
E7-run01,611,300,308,269,39,0.0842,5.0000,5.0000
E7-run01,612,300,297,268,29,0.0839,0.0973,5.0000
E7-run01,613,300,294,262,32,0.0841,5.0000,5.0000
E7-run01,614,300,299,271,28,0.0841,0.0900,5.0000
E7-run01,615,300,298,268,30,0.0850,5.0000,5.0000
E7-run01,616,300,302,271,31,0.0845,5.0000,5.0000
E7-run01,617,300,301,270,31,0.0856,5.0000,5.0000
E7-run01,618,300,306,267,39,0.0843,5.0000,5.0000
E7-run01,619,300,300,270,30,0.0844,5.0000,5.0000
E7-run01,620,300,293,262,31,0.0843,5.0000,5.0000
E7-run01,621,300,124,112,12,0.0884,0.2585,5.0000
E7-run01,622,300,226,203,23,0.0850,5.0000,5.0000
E7-run01,623,300,285,256,29,0.1033,5.0000,5.0000
E7-run01,624,300,316,284,32,0.1072,5.0000,5.0000
E7-run01,625,300,304,269,35,0.0883,5.0000,5.0000
E7-run01,626,300,303,270,33,0.0872,5.0000,5.0000
E7-run01,627,300,297,264,33,0.0859,5.0000,5.0000
E7-run01,628,300,297,270,27,0.0858,0.1005,5.0000
E7-run01,629,300,299,268,31,0.0859,5.0000,5.0000
E7-run01,630,300,305,273,32,0.0858,5.0000,5.0000
E7-run01,631,300,296,267,29,0.0847,0.1003,5.0000
E7-run01,632,300,306,269,37,0.0844,5.0000,5.0000
E7-run01,633,300,300,271,29,0.0840,0.0961,5.0000
E7-run01,634,300,296,263,33,0.0843,5.0000,5.0000
E7-run01,635,300,301,272,29,0.0845,0.0978,5.0000
E7-run01,636,300,296,265,31,0.0844,5.0000,5.0000
E7-run01,637,300,303,271,32,0.0845,5.0000,5.0000
E7-run01,638,300,299,270,29,0.0843,0.0943,5.0000
E7-run01,639,300,305,268,37,0.0844,5.0000,5.0000
E7-run01,640,300,297,268,29,0.0842,0.0928,5.0000
E7-run01,641,300,300,266,34,0.0841,5.0000,5.0000
E7-run01,642,300,298,268,30,0.0843,5.0000,5.0000
E7-run01,643,300,299,269,30,0.0841,5.0000,5.0000
E7-run01,644,300,301,270,31,0.0841,5.0000,5.0000
E7-run01,645,300,302,270,32,0.0839,5.0000,5.0000
E7-run01,646,300,303,269,34,0.0842,5.0000,5.0000
E7-run01,647,300,299,267,32,0.0840,5.0000,5.0000
E7-run01,648,300,299,268,31,0.0841,5.0000,5.0000
E7-run01,649,300,296,265,31,0.0840,5.0000,5.0000
E7-run01,650,300,302,272,30,0.0843,0.1006,5.0000
E7-run01,651,300,297,268,29,0.0842,0.0924,5.0000
E7-run01,652,300,305,270,35,0.0848,5.0000,5.0000
E7-run01,653,300,299,268,31,0.0840,5.0000,5.0000
E7-run01,654,300,160,143,17,0.0845,5.0000,5.0000
E7-run01,655,300,193,171,22,0.0842,5.0000,5.0000
E7-run01,656,300,300,272,28,0.0838,0.0908,5.0000
E7-run01,657,300,296,264,32,0.0840,5.0000,5.0000
E7-run01,658,300,303,271,32,0.0839,5.0000,5.0000
E7-run01,659,300,296,267,29,0.0845,0.0944,5.0000
E7-run01,660,300,304,269,35,0.0844,5.0000,5.0000
E7-run01,661,300,299,269,30,0.0848,5.0000,5.0000
E7-run01,662,300,302,268,34,0.0843,5.0000,5.0000
E7-run01,663,300,299,269,30,0.0841,5.0000,5.0000
E7-run01,664,300,298,267,31,0.0843,5.0000,5.0000
E7-run01,665,300,300,269,31,0.0849,5.0000,5.0000
E7-run01,666,300,300,269,31,0.0843,5.0000,5.0000
E7-run01,667,300,303,270,33,0.0843,5.0000,5.0000
E7-run01,668,300,300,268,32,0.0842,5.0000,5.0000
E7-run01,669,300,299,268,31,0.0847,5.0000,5.0000
E7-run01,670,300,299,267,32,0.0842,5.0000,5.0000
E7-run01,671,300,301,271,30,0.0843,0.0972,5.0000
E7-run01,672,300,297,267,30,0.0848,5.0000,5.0000
E7-run01,673,300,304,271,33,0.0843,5.0000,5.0000
E7-run01,674,300,301,269,32,0.0842,5.0000,5.0000
E7-run01,675,300,300,266,34,0.0839,5.0000,5.0000
E7-run01,676,300,297,269,28,0.0840,0.0911,5.0000
E7-run01,677,300,299,266,33,0.0843,5.0000,5.0000
E7-run01,678,300,303,273,30,0.0846,0.0937,5.0000
E7-run01,679,300,296,266,30,0.0844,5.0000,5.0000
E7-run01,680,300,303,269,34,0.0843,5.0000,5.0000
E7-run01,681,300,300,270,30,0.0856,5.0000,5.0000
E7-run01,682,300,295,261,34,0.0876,5.0000,5.0000
E7-run01,683,300,301,272,29,0.0983,0.2013,5.0000
E7-run01,684,300,302,268,34,0.0868,5.0000,5.0000
E7-run01,685,300,300,270,30,0.0853,5.0000,5.0000
E7-run01,686,300,301,270,31,0.0858,5.0000,5.0000
E7-run01,687,300,182,162,20,0.0848,5.0000,5.0000
E7-run01,688,300,172,153,19,0.0859,5.0000,5.0000
E7-run01,689,300,300,269,31,0.0851,5.0000,5.0000
E7-run01,690,300,300,268,32,0.0848,5.0000,5.0000
E7-run01,691,300,297,266,31,0.0847,5.0000,5.0000
E7-run01,692,300,298,268,30,0.0843,5.0000,5.0000
E7-run01,693,300,299,268,31,0.0859,5.0000,5.0000
E7-run01,694,300,304,272,32,0.0862,5.0000,5.0000
E7-run01,695,300,301,270,31,0.0841,5.0000,5.0000
E7-run01,696,300,302,268,34,0.0849,5.0000,5.0000
E7-run01,697,300,297,268,29,0.0845,0.0970,5.0000
E7-run01,698,300,298,265,33,0.0843,5.0000,5.0000
E7-run01,699,300,301,271,30,0.0847,0.5192,5.0000
E7-run01,700,300,299,268,31,0.0847,5.0000,5.0000
E7-run01,701,300,302,269,33,0.0840,5.0000,5.0000
E7-run01,702,300,300,270,30,0.0842,5.0000,5.0000
E7-run01,703,300,302,268,34,0.0842,5.0000,5.0000
E7-run01,704,300,296,267,29,0.0846,0.1007,5.0000
E7-run01,705,300,300,267,33,0.0844,5.0000,5.0000
E7-run01,706,300,302,271,31,0.0842,5.0000,5.0000
E7-run01,707,300,299,268,31,0.0840,5.0000,5.0000
E7-run01,708,300,302,269,33,0.0841,5.0000,5.0000
E7-run01,709,300,299,269,30,0.0842,5.0000,5.0000
E7-run01,710,300,301,267,34,0.0839,5.0000,5.0000
E7-run01,711,300,300,269,31,0.0843,5.0000,5.0000
E7-run01,712,300,299,268,31,0.0839,5.0000,5.0000
E7-run01,713,300,299,268,31,0.0841,5.0000,5.0000
E7-run01,714,300,302,271,31,0.0843,5.0000,5.0000
E7-run01,715,300,300,267,33,0.0844,5.0000,5.0000
E7-run01,716,300,300,269,31,0.0844,5.0000,5.0000
E7-run01,717,300,300,268,32,0.0848,5.0000,5.0000
E7-run01,718,300,299,267,32,0.0849,5.0000,5.0000
E7-run01,719,300,302,272,30,0.0846,0.0956,5.0000
